Feature Name,Importance Score
Invoice,0.5517538770398024
TotalPrice,0.26309784051027957
Quantity,0.17417253535165644
Country,0.01097574709826161
